Id,domain_no,hmm_species,chain_type,e-value,score,seqstart_index,seqend_index,identity_species,v_gene,v_identity,j_gene,j_identity,1,2,3,4,5,6,7,8,9,10,11,12,13,14,15,16,17,18,19,20,21,22,23,24,25,26,27,28,29,30,31,32,33,34,35,36,37,38,39,40,41,42,43,44,45,46,47,48,49,50,51,52,53,54,55,56,57,58,59,60,61,62,63,64,65,66,67,68,69,70,71,72,73,74,75,76,77,78,79,80,81,82,83,84,85,86,87,88,89,90,91,92,93,94,95,96,97,98,99,100,101,102,103,104,105,106,107,108,109,110,111,112,113,114,115,116,117,118,119,120,121,122,123,124,125,126,127
mAb1,0,human,K,9.3e-61,194.5,0,106,,,0.00,,0.00,D,I,Q,M,T,Q,S,P,S,S,L,S,A,S,V,G,D,R,V,T,I,T,C,R,A,S,Q,G,I,-,-,-,-,-,-,R,N,Y,L,A,W,Y,Q,Q,K,P,G,K,A,P,K,L,L,I,Y,A,A,-,-,-,-,-,-,-,S,T,L,Q,S,G,V,P,-,S,R,F,S,G,S,G,-,-,S,G,T,D,F,T,L,T,I,S,S,L,Q,P,E,D,V,A,T,Y,Y,C,Q,R,Y,N,R,-,-,-,-,A,P,Y,T,F,G,Q,G,T,K,V,E,I,K
mAb2,0,human,K,6.1e-58,185.4,0,106,,,0.00,,0.00,D,I,Q,M,T,Q,S,P,S,S,L,S,A,S,V,G,D,R,V,T,I,T,C,R,A,S,Q,D,V,-,-,-,-,-,-,S,T,A,V,A,W,Y,Q,Q,K,P,G,K,A,P,K,L,L,I,Y,S,A,-,-,-,-,-,-,-,S,F,L,Y,S,G,V,P,-,S,R,F,S,G,S,G,-,-,S,G,T,D,F,T,L,T,I,S,S,L,Q,P,E,D,F,A,T,Y,Y,C,Q,Q,Y,L,Y,-,-,-,-,H,P,A,T,F,G,Q,G,T,K,V,E,I,K
mAb3,0,mouse,K,7.7e-50,159.4,0,106,,,0.00,,0.00,D,I,L,L,T,Q,S,P,V,I,L,S,V,S,P,G,E,R,V,S,F,S,C,R,A,S,Q,S,I,-,-,-,-,-,-,G,T,N,I,H,W,Y,Q,Q,R,T,N,G,S,P,R,L,L,I,K,Y,A,-,-,-,-,-,-,-,S,E,S,I,S,G,I,P,-,S,R,F,S,G,S,G,-,-,S,G,T,D,F,T,L,S,I,N,S,V,E,S,E,D,I,A,D,Y,Y,C,Q,Q,N,N,N,-,-,-,-,W,P,T,T,F,G,A,G,T,K,L,E,L,K
mAb4,0,human,K,5.1e-58,185.7,0,106,,,0.00,,0.00,E,I,V,L,T,Q,S,P,A,T,L,S,L,S,P,G,E,R,A,T,L,S,C,R,A,S,Q,S,V,-,-,-,-,-,-,S,S,Y,L,A,W,Y,Q,Q,K,P,G,Q,A,P,R,L,L,I,Y,D,A,-,-,-,-,-,-,-,S,N,R,A,T,G,I,P,-,A,R,F,S,G,S,G,-,-,S,G,T,D,F,T,L,T,I,S,S,L,E,P,E,D,F,A,V,Y,Y,C,Q,Q,R,S,N,-,-,-,-,W,P,P,T,F,G,Q,G,T,K,V,E,I,K
mAb5,0,human,K,9.6e-56,178.3,0,107,,,0.00,,0.00,E,I,V,L,T,Q,S,P,G,T,L,S,L,S,P,G,E,R,A,T,L,S,C,R,A,S,Q,S,V,R,-,-,-,-,-,G,R,Y,L,A,W,Y,Q,Q,K,P,G,Q,A,P,R,L,L,I,Y,G,A,-,-,-,-,-,-,-,S,S,R,A,T,G,I,P,-,D,R,F,S,G,S,G,-,-,S,G,T,D,F,T,L,T,I,S,R,L,E,P,E,D,F,A,V,F,Y,C,Q,Q,Y,G,S,-,-,-,-,S,P,R,T,F,G,Q,G,T,K,V,E,I,K
mAb6,0,human,K,4e-58,186.0,0,107,,,0.00,,0.00,E,I,V,L,T,Q,S,P,A,T,L,S,L,S,P,G,E,R,A,T,L,S,C,R,A,S,Q,S,V,-,-,-,-,-,-,Y,S,Y,L,A,W,Y,Q,Q,K,P,G,Q,A,P,R,L,L,I,Y,D,A,-,-,-,-,-,-,-,S,N,R,A,T,G,I,P,-,A,R,F,S,G,S,G,-,-,S,G,T,D,F,T,L,T,I,S,S,L,E,P,E,D,F,A,V,Y,Y,C,Q,Q,R,S,N,-,-,-,W,P,P,F,T,F,G,P,G,T,K,V,D,I,K
mAb7,0,mouse,K,1.4e-48,155.3,0,106,,,0.00,,0.00,D,I,L,L,T,Q,S,P,A,I,L,S,V,S,P,G,E,R,V,S,F,S,C,R,A,S,Q,F,V,-,-,-,-,-,-,G,S,S,I,H,W,Y,Q,Q,R,T,N,G,S,P,R,L,L,I,K,Y,A,-,-,-,-,-,-,-,S,E,S,M,S,G,I,P,-,S,R,F,S,G,S,G,-,-,S,G,T,D,F,T,L,S,I,N,T,V,E,S,E,D,I,A,D,Y,Y,C,Q,Q,S,H,S,-,-,-,-,W,P,F,T,F,G,S,G,T,N,L,E,V,K
mAb8,0,human,K,8.5e-62,197.9,0,110,,,0.00,,0.00,D,I,Q,L,T,Q,S,P,S,S,L,S,A,S,V,G,D,R,V,T,I,T,C,R,A,S,Q,S,V,D,Y,-,-,D,G,D,S,Y,M,N,W,Y,Q,Q,K,P,G,K,A,P,K,L,L,I,Y,A,A,-,-,-,-,-,-,-,S,Y,L,E,S,G,V,P,-,S,R,F,S,G,S,G,-,-,S,G,T,D,F,T,L,T,I,S,S,L,Q,P,E,D,F,A,T,Y,Y,C,Q,Q,S,H,E,-,-,-,-,D,P,Y,T,F,G,Q,G,T,K,V,E,I,K
mAb9,0,human,K,8.3e-57,181.8,0,106,,,0.00,,0.00,D,I,Q,M,T,Q,S,P,S,S,L,S,A,S,V,G,D,R,V,T,I,T,C,Q,A,S,Q,D,I,-,-,-,-,-,-,S,N,Y,L,N,W,Y,Q,Q,K,P,G,K,A,P,K,L,L,I,Y,D,A,-,-,-,-,-,-,-,S,N,L,E,T,G,V,P,-,S,R,F,S,G,S,G,-,-,S,G,T,D,F,T,F,T,I,S,S,L,Q,P,E,D,I,A,T,Y,F,C,Q,H,F,D,H,-,-,-,-,L,P,L,A,F,G,G,G,T,K,V,E,I,K
mAb10,0,human,K,1.2e-57,184.4,0,106,,,0.00,,0.00,D,I,Q,M,T,Q,S,P,S,S,L,S,A,S,V,G,D,R,V,T,I,T,C,K,A,S,Q,D,V,-,-,-,-,-,-,S,I,G,V,A,W,Y,Q,Q,K,P,G,K,A,P,K,L,L,I,Y,S,A,-,-,-,-,-,-,-,S,Y,R,Y,T,G,V,P,-,S,R,F,S,G,S,G,-,-,S,G,T,D,F,T,L,T,I,S,S,L,Q,P,E,D,F,A,T,Y,Y,C,Q,Q,Y,Y,I,-,-,-,-,Y,P,Y,T,F,G,Q,G,T,K,V,E,I,K
mAb11,0,human,K,2.2e-59,190.1,0,106,,,0.00,,0.00,D,I,Q,M,T,Q,S,P,S,S,L,S,A,S,V,G,D,R,V,T,I,T,C,R,A,S,Q,D,I,-,-,-,-,-,-,S,S,Y,L,N,W,Y,Q,Q,K,P,G,K,A,P,K,L,L,I,Y,Y,T,-,-,-,-,-,-,-,S,R,L,H,S,G,V,P,-,S,R,F,S,G,S,G,-,-,S,G,T,D,F,T,F,T,I,S,S,L,Q,P,E,D,I,A,T,Y,Y,C,Q,Q,G,N,T,-,-,-,-,L,P,Y,T,F,G,Q,G,T,K,V,E,I,K
mAb12,0,human,K,1.6e-57,184.1,0,111,,,0.00,,0.00,D,V,V,M,T,Q,S,P,L,S,L,P,V,T,P,G,E,P,A,S,I,S,C,R,S,S,Q,S,L,A,K,S,-,Y,G,N,T,Y,L,S,W,Y,L,Q,K,P,G,Q,S,P,Q,L,L,I,Y,G,I,-,-,-,-,-,-,-,S,N,R,F,S,G,V,P,-,D,R,F,S,G,S,G,-,-,S,G,T,D,F,T,L,K,I,S,R,V,E,A,E,D,V,G,V,Y,Y,C,L,Q,G,T,H,-,-,-,-,Q,P,Y,T,F,G,Q,G,T,K,V,E,I,K
mAb13,0,mouse,K,1.2e-51,165.2,0,103,,,0.00,,0.00,Q,I,V,S,T,Q,S,P,A,I,M,S,A,S,P,G,E,K,V,T,M,T,C,S,A,S,S,S,R,-,-,-,-,-,-,-,S,Y,M,Q,W,Y,Q,Q,K,P,G,T,S,P,K,R,W,I,Y,D,T,-,-,-,-,-,-,-,S,K,L,A,S,G,V,P,-,A,R,F,S,G,S,G,-,-,S,G,T,S,Y,S,L,T,I,S,S,M,E,A,E,D,A,A,T,Y,Y,C,H,Q,R,S,-,-,-,-,-,-,S,Y,T,F,G,G,G,T,K,L,E,I,K
mAb14,0,human,K,3.4e-54,173.3,0,105,,,0.00,,0.00,D,I,Q,M,T,Q,S,P,S,S,L,S,A,S,V,G,D,R,V,T,I,T,C,K,T,S,Q,D,I,-,-,-,-,-,-,N,K,Y,M,A,W,Y,Q,Q,T,P,G,K,A,P,R,L,L,I,H,Y,T,-,-,-,-,-,-,-,S,A,L,Q,P,G,I,P,-,S,R,F,S,G,S,G,-,-,S,G,R,D,Y,T,F,T,I,S,S,L,Q,P,E,D,I,A,T,Y,Y,C,L,Q,Y,D,-,-,-,-,-,N,L,W,T,F,G,Q,G,T,K,V,E,I,K
mAb15,0,human,K,2.7e-58,186.6,0,106,,,0.00,,0.00,D,I,Q,M,T,Q,S,P,S,S,L,S,A,S,V,G,D,R,V,T,I,T,C,H,A,S,Q,N,I,-,-,-,-,-,-,Y,V,W,L,N,W,Y,Q,Q,K,P,G,K,A,P,K,L,L,I,Y,K,A,-,-,-,-,-,-,-,S,N,L,H,T,G,V,P,-,S,R,F,S,G,S,G,-,-,S,G,T,D,F,T,L,T,I,S,S,L,Q,P,E,D,F,A,T,Y,Y,C,Q,Q,G,Q,T,-,-,-,-,Y,P,Y,T,F,G,G,G,T,K,V,E,I,K
mAb16,0,human,K,3e-58,186.4,0,106,,,0.00,,0.00,D,I,Q,M,T,Q,S,P,S,S,L,S,A,S,V,G,D,R,V,T,I,T,C,R,A,S,Q,Y,F,-,-,-,-,-,-,S,S,Y,L,A,W,Y,Q,Q,K,P,G,K,A,P,K,L,L,I,Y,G,A,-,-,-,-,-,-,-,S,S,R,A,S,G,V,P,-,S,R,F,S,G,S,G,-,-,S,G,T,D,F,T,L,T,I,S,S,L,Q,P,E,D,F,A,T,Y,Y,C,Q,Q,Y,L,G,-,-,-,-,S,P,P,T,F,G,Q,G,T,K,V,E,I,K
